Time_Taken,Typing_Speed,Mouse_Movement,User_Type
25.309908249156283,3.75878176132001,220,0
25.211190442736502,2.9961864610221838,184,0
19.468681997895594,2.1274841871174273,223,0
20.73613127612431,3.0768473675840253,131,0
10.459342464652277,2.4270320280589437,135,0
29.97319695183055,2.818025735600176,173,0
10.53133827672861,3.956639118194139,233,0
18.401861473680977,2.501384348163972,250,0
28.99978257206214,3.622228796759665,153,0
28.337011025161708,3.93955968419636,186,0
22.452867142513274,2.5949890453673725,149,0
28.09928187220029,2.6257731279352017,194,0
19.300659626337627,3.0116061084843007,110,0
29.84660183893697,3.392653822364821,126,0
28.704833800822957,2.437315961137479,235,0
28.95375722870202,3.5479159076921163,205,0
12.651117962329332,2.8015082331764827,164,0
25.131706184152158,2.4666833098207612,224,0
11.63007490200123,2.316960871276061,230,0
14.246737823844345,2.9577803103928666,208,0
11.417176486768055,3.1756198576858203,139,0
16.419329815400772,2.473120036339909,149,0
18.87077158476094,2.1956206445401674,194,0
10.06269577226216,3.6226041048358484,152,0
23.19225164768634,3.468964450251806,144,0
29.999174303077083,2.8804654581900655,105,0
23.207938101607187,2.0594492326725207,128,0
14.005940651937529,2.2857180499196375,223,0
12.852826682981517,3.3471811356973236,131,0
10.496207726997364,3.1039624663918373,101,0
28.970899075236062,3.1670618524721426,109,0
25.93468551465559,2.1687186823046516,129,0
17.588698715094097,2.611606914140344,206,0
23.69034125548189,3.949580101953286,107,0
27.08168901177187,2.761033046031927,179,0
19.62663710840409,2.8842634735760684,101,0
15.717489576771953,3.030507325515657,132,0
24.613501664862255,2.074818159318562,189,0
16.902847953146402,3.733737904757929,239,0
22.974513447954823,2.041236388962802,125,0
24.34866004644975,3.847930632719402,198,0
29.213074993501834,3.126036954933763,239,0
13.757241231458837,3.5773475663132306,168,0
12.027271056411262,2.710021364523284,245,0
14.921273665657102,3.6079584295090887,153,0
21.961222321976337,2.2635257591199265,245,0
28.69956291769521,3.6760819190536225,137,0
18.972083238300826,3.4402103360051104,107,0
19.43754573776748,2.326758690921409,117,0
27.345328250283604,2.0152465149956793,163,0
16.161208030313826,3.5231976463287964,102,0
18.278727756143628,3.1800274973649403,106,0
12.864143143133903,2.0071026537848944,231,0
22.161738647190973,2.967259638559489,140,0
21.25862163158377,2.766624530217242,113,0
21.14830446050057,2.8635457652369976,135,0
27.63629110238629,2.9107602895124387,153,0
27.066526161474997,3.6569067374788102,244,0
17.952741125401097,2.7934237220807177,243,0
22.617899968541188,2.5757858012068304,141,0
19.93717030762142,3.691022689781689,213,0
15.140808119337061,3.263467630653004,219,0
18.87712874074043,3.2220726113766665,225,0
13.95514617730625,2.4575529075557796,226,0
17.63021267902885,2.566161849449406,126,0
22.528425817273536,2.93839211395433,215,0
25.88167384578103,2.4658168820674167,241,0
13.620747493661307,2.655571646388931,160,0
11.521800685411145,3.748497869863204,190,0
26.08853695395305,2.9785288820732063,227,0
20.790610182352708,3.7149964947514302,178,0
25.94311761868379,2.101053814806,212,0
17.90888153801015,3.0442719496162614,165,0
29.558357143570404,3.5600980885464804,140,0
16.830137826438573,2.449874858410915,125,0
20.90568799455967,2.2351199201497503,226,0
21.616748785370852,2.444272527710438,132,0
17.086292906226607,3.9866474580717806,200,0
18.166703095780377,3.1936792395113596,171,0
10.725097391032419,3.80429412208548,176,0
28.043812554881757,2.572097645178876,183,0
20.464943473762425,2.4815935104011912,149,0
12.983223118430573,2.133755928280512,195,0
27.118901941022358,3.9971627821148017,114,0
27.655468174359108,2.3323219121417593,233,0
19.75285181391758,2.3360534418167402,128,0
28.803074844654287,3.0241297340558266,169,0
11.978654221418362,3.375556856647788,176,0
12.633204435043982,3.922379352048311,157,0
16.308076373730312,3.4480418985933587,157,0
24.996710092044765,2.9909690900563843,243,0
14.939195842897224,3.9121563290830697,186,0
24.090511056437627,2.3714214783240775,219,0
15.999915287330957,3.4253912244256117,104,0
26.070403813058597,2.7643132299624247,130,0
19.778158733388654,3.7077648702101182,105,0
20.198540004678318,3.3907648375285087,194,0
29.438042040191142,2.824980613530212,224,0
22.97302944131884,2.153154865378208,198,0
17.99020871769951,2.4399081183886837,242,0
20.381076493245622,2.4968903211254907,100,0
23.075330074525834,2.761408010248142,203,0
22.801152587968947,2.7124774695529874,240,0
15.516419600853881,2.8246407349354627,236,0
16.363693893579594,2.972256538931665,182,0
19.37927905652799,3.082804702917559,155,0
27.484267126456135,3.8971335953555206,181,0
28.524391500545978,2.3602625721919823,213,0
27.54745639632089,2.620548619175471,144,0
17.62795471643335,2.1139929893063423,182,0
24.150442725062568,2.733181667389042,145,0
24.056838069010585,3.8772809706366766,144,0
13.778377103510454,3.9463939365689074,172,0
19.801732713361154,3.8147434460202434,197,0
15.485832205500687,2.3364401728432203,188,0
16.547098876890743,3.9539031861051104,118,0
23.043297175439985,2.569039305466031,243,0
28.413919454509163,3.5556475073472824,148,0
22.71775014243528,3.794206196946285,181,0
25.167469736515244,3.827609972595583,131,0
17.096622433851728,3.4235047214407235,222,0
17.64141735747087,2.9533188613963803,180,0
14.693280390759245,3.8084215120359723,159,0
29.806552715574316,2.0898115768345273,156,0
10.69603488141459,3.6257308179211245,173,0
17.708057660688482,3.9640692407347338,191,0
17.370007074905637,3.692153436814115,195,0
11.868255031725543,3.4234872288832676,138,0
24.136764663906334,3.293200590086235,203,0
18.297892213440207,2.0865220237796605,105,0
10.84984022812667,2.465560006682799,211,0
17.931095075565402,3.4521167440925824,160,0
23.703327174165274,2.1796168979692414,229,0
24.139695083830354,2.0692231411328983,145,0
17.265158801261233,3.9872514006623536,107,0
19.83704271242715,3.720838660325539,203,0
13.05862028302519,3.59618176590738,119,0
23.10567909519159,3.9325448678766124,242,0
26.04325956594825,2.6353629171724444,162,0
29.548753570124042,2.6181529230183607,195,0
24.941741030561303,2.3630880368972047,115,0
25.52379815624865,2.221079586591194,187,0
26.79140920722752,3.6543071222441066,149,0
24.918476510641675,2.018621662069834,213,0
14.44874324096647,2.2641587723933814,105,0
25.953022234663216,2.182615769435596,245,0
29.69658142731553,2.727154708204493,214,0
29.20088268959593,3.889810412021224,237,0
14.972838754683211,3.905749897241033,102,0
19.132637686807424,2.284406123905333,228,0
12.977256033599517,2.612622275420321,151,0
24.56209687479177,3.5378239846082367,207,0
10.571539946253704,2.873708792212872,230,0
10.16150520138477,2.110767064352197,170,0
18.28094170918837,3.3074147338766413,112,0
24.660780979180135,2.688169440756785,101,0
16.40006953142191,3.691750631989968,171,0
21.11204639547804,3.408847824918384,242,0
13.152637863354729,3.463912959091795,112,0
25.6127971072356,2.865441835582376,194,0
26.374500715293014,3.2128631268328665,215,0
18.74889715071108,2.0266257398634693,218,0
24.77087209594096,2.8634480480463784,177,0
22.9414711712624,3.929220205044619,157,0
23.60734311872867,3.5414906374568744,199,0
10.041566393038291,3.6690636089096893,247,0
16.523103548730226,2.3326401345257235,233,0
28.42618301832031,2.5387584104032843,102,0
11.277373255120704,3.121362364756425,122,0
23.611503720627486,2.7116596398729964,106,0
16.169529568149887,3.5275025724167737,191,0
17.798400215545595,3.224089023426385,197,0
24.212735787085947,2.195907708200733,107,0
17.888161027280912,3.608032299153471,116,0
23.885675152213004,2.599876790649679,102,0
24.231917976574408,2.906816577049088,198,0
29.088472342483847,3.147258564793736,171,0
21.09407488200809,2.247261605976698,187,0
10.981644423423377,2.5793554472604687,237,0
26.39581653457327,3.347013832248463,219,0
28.9299948188825,3.5911513357563414,200,0
20.807682895120784,3.7659242950279594,220,0
12.811927889910644,3.5093575984379575,151,0
17.56971363270364,3.590589799109332,155,0
27.46425609917611,2.487730379220398,155,0
29.324761844339122,2.0976088403252016,235,0
16.48095483908002,2.8438146720681,166,0
10.439552889420344,3.079886947801973,179,0
26.81030607131779,3.613432255253792,156,0
25.83436054690548,3.7218895368776295,183,0
13.128323854146345,3.540890165227513,218,0
23.476649129741393,2.5849015715030506,171,0
27.338189020373218,3.8737372338177023,210,0
27.5466386234072,2.243705576976689,126,0
17.379830244920498,2.5511549717632667,186,0
13.112720203404649,2.5561735653517417,170,0
28.23918323994802,2.5309728772336886,213,0
21.776298710311877,2.8081534263731225,171,0
23.75359146406145,3.9983722972282685,154,0
10.35887334617859,3.205192079284439,211,0
17.184692383656305,3.503165669570514,218,0
18.983968283780897,2.2276991394972008,144,0
17.298290754197772,3.0861136951200967,206,0
11.558472202900338,2.914543342530488,249,0
23.933081299606712,2.3702032219926603,109,0
23.34080295114027,2.679787712619475,142,0
19.536051800043182,2.3100933619139736,222,0
16.916158131964877,3.31277053575206,119,0
26.27943567036072,2.000695542280708,123,0
17.719691304549833,3.9050410673097184,169,0
17.116506275489968,3.8832805223102893,250,0
18.18575667840807,3.5736975989929203,217,0
13.527709006524786,3.40111793272615,124,0
25.64109669436843,2.963874169405419,143,0
17.798436810589976,2.426579976998056,230,0
28.18171050301677,2.0096524937704707,161,0
13.130655500903432,2.594238891762312,206,0
28.58517294206802,2.7835444851026927,229,0
26.253291726493266,2.913015703769733,224,0
14.828748966853407,3.3802815156172263,128,0
15.055120272833467,3.556146133069676,217,0
10.58529634699733,3.346710258040896,157,0
19.631039755828823,2.1575152234684403,156,0
22.418418954527546,3.7137995197910025,145,0
21.95378116701435,3.5712750681935646,129,0
26.879088297981983,3.9356526190321546,211,0
28.99487329119442,2.3144460677188032,113,0
20.691847942703458,2.4962248768139723,103,0
16.7247580261688,3.553809079942199,204,0
17.33829099636008,2.472920756561553,207,0
18.070042926343582,3.9022239202902447,146,0
26.048306571085252,2.768213546746768,183,0
28.5329451836906,3.2484044364868603,179,0
16.25414936365928,2.046457020701008,167,0
21.645254521255286,2.0269943239412243,186,0
17.629357735189075,2.479237704349182,166,0
16.087421500504156,3.149718425305717,221,0
21.748661324702862,3.5870927435242703,180,0
28.214075395327775,3.3223895125828733,216,0
27.533393861848083,2.6910390627714476,111,0
27.608219292779516,3.8193437563857486,166,0
28.8810989332437,2.493776511384122,111,0
22.739804549202525,2.8910001620919754,171,0
17.994204135279006,2.2665046038633534,243,0
16.216141325876976,3.3398661729001833,180,0
11.105220166434309,2.32135224996994,220,0
27.395626966718552,3.4255446141029546,165,0
11.090558573106051,2.3007323851695736,239,0
21.58326205476551,2.5579238855644486,125,0
29.75813235563895,2.469148419020624,136,0
27.40678601957901,3.8080155568231975,153,0
21.53499771024734,2.280415174804795,147,0
26.83460952571737,3.983018224542196,108,0
16.77008103900409,2.439779919633198,249,0
14.904818512232412,3.757175823820349,184,0
23.68910888194666,3.9159237890314476,134,0
25.496017898863293,2.1942589305749385,126,0
17.971722288072087,3.208962083486532,121,0
24.62523720054555,2.9663484078657048,248,0
28.91629883631355,2.6780664981477638,154,0
18.887938700308254,2.7571277509682544,193,0
19.595580141903273,2.0128082429018637,129,0
12.975003514229433,2.8833172545004055,229,0
13.043844892086877,2.0910741526828236,246,0
26.98917645687826,2.5926278200500334,122,0
24.491222367060516,3.4600786942919175,212,0
27.30362787944822,2.3539762004992406,239,0
16.962420134744512,2.1455503908405174,142,0
19.981204639944362,3.6054172441999395,233,0
14.603813622510224,2.58085125651496,238,0
11.74758087949937,2.1043911077211694,107,0
17.060505332010646,3.115703701785743,197,0
13.460474363698957,2.2687397585585423,115,0
29.95902988401197,3.0419657966743125,250,0
17.22023536977037,3.9335882258037342,200,0
12.674976797613164,3.086463585261731,108,0
11.832815179624234,2.8313167215602997,136,0
21.412414892193226,2.5188898130079407,213,0
10.152205616227995,3.7413014294517626,159,0
10.442167995788479,3.35142201038572,179,0
22.035091257315678,2.3129688013241614,165,0
20.353327772017707,3.9294435992033394,145,0
27.881810135620288,2.1540503839894747,172,0
19.15208876734303,3.5889833778627516,171,0
16.544305288535455,3.790101987095775,136,0
20.24462096971279,2.2150191295701593,204,0
24.0540745846144,3.0184796262956994,182,0
17.362642488529367,3.435387139664735,216,0
22.01039424110072,2.110379077399692,139,0
14.237927588934141,2.9836934818313425,212,0
13.370633154916426,3.1608282149742486,146,0
15.699126010387758,3.5702053107942566,150,0
25.824790341135397,3.4884496309827204,129,0
18.030321858594764,3.229112177581484,109,0
17.60874246292688,2.8507228443671537,206,0
25.811416216736195,2.1448266053584173,144,0
27.772450860541557,3.129104152611688,148,0
20.535658218884915,3.6951043226265243,212,0
14.64635744325259,3.942007289070234,200,0
10.422265009429124,3.151920651380281,116,0
10.628702910963263,2.874221185771262,131,0
12.1006126945002,3.688422022893014,193,0
15.203456724203479,3.269812309892223,136,0
24.0278568508877,3.5249319178622454,118,0
25.97349140469785,2.3213343129944235,144,0
14.767749448309724,2.2969445300768685,211,0
21.043972068202876,2.2988346986074584,240,0
23.26529555220062,2.790352023523548,229,0
28.966218750096168,2.4402190459429125,188,0
27.733102583439603,2.411995256676242,136,0
27.12222451921446,2.4486365400334895,226,0
23.47756038188095,3.0918496887196323,102,0
13.841913092577817,3.2433541281954943,166,0
28.134707070042342,2.298132365185237,242,0
14.91973122549519,2.6419683464232406,199,0
20.78884904816313,2.9253947072725364,145,0
14.644256245738237,2.396108275631182,220,0
17.897339803412564,3.2175667215825445,123,0
16.30698665243535,2.6943597196486597,196,0
14.103801001353023,3.057794728669146,102,0
18.747318579341886,3.6974276838188853,184,0
19.980578498423444,2.639654424309697,167,0
12.961448146571843,3.7648307738595,242,0
27.345139219164277,3.8691243876617394,184,0
25.601671406757184,2.261531500018232,123,0
18.056296281105602,3.483578113527814,121,0
27.053832655707968,2.3892687167770124,144,0
22.42033559949197,2.437848093866644,153,0
11.463819620435949,2.076007452271088,113,0
19.01992938717338,2.528192136291173,249,0
26.208813248160887,3.271103877786534,184,0
29.783713016221846,3.2115631755142697,219,0
23.951717477797544,2.924739063897003,140,0
15.470397386798966,2.842190822636259,232,0
16.832657206609476,2.3262582553573816,221,0
20.839101892356613,2.9261099394999857,139,0
18.020051087325694,2.520545418050869,137,0
16.312527421565843,3.6203122550723688,239,0
25.562612464478047,3.1480123593496896,250,0
14.261598958830387,2.4929183881764816,180,0
12.189755040394187,2.751231360267769,166,0
27.934736531640116,2.7523606473149824,111,0
19.882600112541315,2.937130678692876,160,0
28.82609789696773,3.4579621949246624,174,0
15.099371933612867,2.2593364183845352,220,0
20.86648753050673,3.4314949445807104,154,0
21.487017065019604,3.5899729098839357,247,0
29.460348932159462,2.87571898548866,124,0
24.75713549070725,3.8675458390760706,236,0
10.372084126939251,3.7381135004083106,206,0
11.849800280187932,2.8937270346460737,132,0
16.975873148263783,2.3969801980466108,219,0
16.0596679334435,2.9012739238466634,250,0
13.524871171699878,3.3529819896744097,233,0
28.358094092077078,2.3566707720872104,177,0
14.034922296800413,3.1854445305330343,183,0
18.969856353239454,2.452647872376641,146,0
21.570108220439494,2.31403094429839,189,0
28.415142352154334,3.670541111554943,189,0
16.260912040859427,2.7702380545484715,177,0
22.769181901624485,3.433639393968628,226,0
29.0904613080346,3.9343532605281943,250,0
24.00070102968889,3.787489313102505,244,0
18.57240009198403,2.791478904894065,220,0
13.039504593079194,3.4037126360095282,199,0
20.750899543137557,2.4173172317464156,173,0
14.803342043306717,2.954109100140263,169,0
21.638577413821597,3.482127685761024,159,0
19.881859653530967,2.1591488001617787,161,0
10.044419458097343,2.7379085615692267,114,0
10.3191876655184,3.901640660210047,140,0
17.39477032309958,3.770625559227218,239,0
10.099094229377181,2.56321445505802,211,0
21.544931558384572,2.465608862112197,217,0
15.073988046448427,2.6728698618368805,193,0
15.941130800581313,3.037185328298901,236,0
27.716326892471457,2.5108150735358263,148,0
20.751573994068945,2.0501691966256677,229,0
22.961176270428265,2.977517359072568,155,0
24.76408052606351,3.5808809263063113,247,0
19.949423068732187,3.3829363572877718,153,0
27.216644574620013,3.1011185773296837,144,0
12.211833615528073,2.7603854434156494,168,0
14.241732314001696,2.5293456668540046,223,0
29.53601730836634,3.6789503598700306,140,0
28.158793475473523,3.3630889641570176,210,0
10.717595773999825,2.5127365137653843,196,0
24.16102544363328,3.060638850262608,198,0
10.477053470270059,3.3497051618864084,132,0
29.378126032998168,2.9795479142237227,188,0
26.966041428044093,2.4001697879091695,117,0
29.10388311536348,2.5842045837530128,176,0
27.955047685117613,3.0990699914898134,136,0
10.918859913088584,3.857384406840942,135,0
22.442889557431116,2.8893180297712453,109,0
23.73506305960597,2.5160364634876142,209,0
10.061987065717865,3.2129711321817513,120,0
20.820515126907374,2.672014298213828,136,0
26.7796210144208,3.41434124970742,248,0
18.65038781531664,3.4252781365576883,217,0
17.04444860952596,3.435913456776892,119,0
13.383147281107352,2.825482635944324,104,0
12.301388271767964,2.8389427995631715,214,0
25.48744206152101,2.181399903164107,102,0
12.723774824265796,2.0250057236081638,135,0
14.997183802469898,3.4421361373322155,218,0
15.893762959192424,3.222423373628237,206,0
10.37912492924384,2.7383568519718366,219,0
13.83096400700876,3.6449422564071385,126,0
11.352029934149048,2.7263430956231796,194,0
13.28618490858901,2.172316880202594,178,0
10.060859054035443,3.103605518537962,241,0
23.96219086228529,2.5125763530364953,233,0
23.660625045133123,2.9859611350704176,185,0
23.694499957801384,3.4733887358378537,208,0
17.180956248651945,3.878848398769853,134,0
18.088837932134826,2.1681867807272734,112,0
28.56184524816775,2.3926805062626713,164,0
15.236675240483674,3.0589076405124667,199,0
28.791287000575384,2.282860882887283,217,0
20.976732818557764,3.0846796529798794,174,0
12.895655477454062,3.456484030594437,248,0
20.28876601570002,3.316519702066211,139,0
29.683130754218634,2.289623527455017,162,0
21.013536629129025,3.9306622548769505,245,0
22.265609941876463,3.442689558926949,198,0
13.238969685405674,2.467537435088344,173,0
14.834685180013595,2.735290214020229,216,0
28.953827617085842,2.599368131111783,138,0
15.786449557103207,3.6756811897794908,182,0
23.704673940219557,3.1056077883177133,132,0
28.462914305060483,2.8086077016089956,121,0
15.331686612177416,2.5465982965879315,110,0
19.136059704026415,2.3614775503271375,173,0
25.991611638557867,3.8916563392630072,137,0
15.100965476300537,2.4299774757794084,167,0
11.91090029043852,3.4262033856050946,228,0
17.87916108440468,2.638214296099839,217,0
23.295222467582406,3.9398054819871122,211,0
10.268105253550408,2.3452888666989082,191,0
21.160791937034794,2.050833553259438,119,0
23.138009972103013,3.687934564355632,138,0
17.72022065544732,3.879924972979939,106,0
16.265376058039006,2.06135764050865,189,0
17.582235673230336,2.7623188885943506,221,0
14.194062602513469,2.3041590515453523,168,0
14.674582919756972,3.9888982173166774,189,0
20.518519402814807,3.2040298041278987,218,0
28.551754061403027,3.34254953928143,182,0
24.572968559101383,3.1672725827952957,174,0
28.08546878361748,3.19776098880011,188,0
21.3347747763496,3.3890057996965997,152,0
24.839640182930573,2.4020220253782893,183,0
16.86380319568604,3.318249782869551,178,0
28.383772130555442,2.691371196410968,209,0
27.620981490289125,3.141418711537191,135,0
14.730610035277854,2.844845048878321,235,0
24.003541578358202,3.636491324492117,203,0
27.065182308606424,2.1510839592605593,128,0
21.41051422542925,2.8348631756989704,156,0
14.332853942901924,3.9562026170253866,215,0
24.838932655227566,2.260480803336176,188,0
19.324141416490427,2.0200400156992515,195,0
15.712744388446778,3.0620016525454408,151,0
16.595070170421607,3.8375227401752303,168,0
21.867285829374246,2.18898664223972,107,0
10.324807981169927,3.0203277592602205,120,0
25.599681921554545,3.6373357478307486,150,0
11.21600666498161,2.4044811169921267,242,0
20.08177395566011,2.836568527041144,126,0
29.630752317347877,2.354221636521543,188,0
21.47225569594118,2.3930224611378255,164,0
29.495348402425186,3.933567733835604,230,0
10.189834474620714,2.6793450683985522,136,0
26.427223295039187,2.001801556653798,130,0
19.26721747311738,2.4132399805664115,214,0
16.64922398657122,2.99662060703425,144,0
14.79557876967685,2.9157133380675404,228,0
13.420578025605085,2.5223099957430044,140,0
18.084168227300424,2.4631956559689137,117,0
11.321160619800036,3.2366244651086964,117,0
22.079901768606014,3.011317314477882,109,0
20.896017351470782,3.8993612269528106,200,0
12.656666025167183,2.937040654225656,247,0
19.18398281878796,3.3695132158155823,215,0
15.72379813399683,2.820519001491848,249,0
19.015092478329017,2.3755923211172245,248,0
26.6323584872935,2.1833022231405437,214,0
14.288910538485197,2.959627203106764,217,0
12.8458939599984,3.5413774149726716,159,0
16.43569784408484,3.2555305485667896,105,0
27.03791746106844,3.955114372314976,172,0
25.975918027815553,3.4682072863582762,185,0
17.471413437607616,3.3644587133424513,134,0
27.501452697451217,3.2592504532088684,240,0
16.589646501047554,2.0855718833525367,190,0
25.48193351545237,3.8522606769684042,156,0
26.220717519763607,2.032246320248391,170,0
28.17484421599258,3.209032998054811,244,0
16.75142410414039,2.236393844044523,152,0
2.3641711010824484,10.57952396139883,47,1
4.113256746347778,12.535356125825956,29,1
3.67220140252436,10.282952903324091,25,1
2.321187987353869,13.363302698222085,24,1
2.5924083733264403,11.346746545436272,45,1
4.542768579455429,12.05229600190344,50,1
3.5613984403427636,11.405308721238429,40,1
3.5100442316741227,13.745980207955743,31,1
3.305349239432835,11.645761830305663,42,1
2.1304213125855345,12.715273808143273,46,1
3.00724105920918,14.805898730016981,47,1
4.078618248069495,14.576225181289619,34,1
3.138880145229118,14.593933415317917,25,1
3.6778211493332913,11.458598964976808,41,1
2.2815654223596336,10.757791209688294,29,1
3.088842852681129,13.81502271720123,25,1
2.0443715642188236,13.716747808971128,21,1
3.971837823318186,12.309129510572996,27,1
4.737846550335516,10.235138588407194,35,1
2.830565493473394,14.771352951165373,27,1
4.60760328067971,14.201633808969781,38,1
3.0394534424038566,10.780842329811517,40,1
4.04185868923283,10.749639767899927,41,1
2.6725568426788464,12.054227311099561,38,1
2.7084313814339125,12.968885447209708,43,1
4.17384528214979,11.45757156366408,39,1
4.641613201549819,13.108499240579746,22,1
2.8859869319857823,13.773108999629352,43,1
4.037066701376062,10.425905563088985,45,1
3.9199682269225096,12.531234089302512,22,1
4.4844092771462005,14.335169092165053,45,1
2.2854598944936617,12.223345292108114,31,1
4.727700655659318,14.599103798613125,50,1
3.180522427543244,14.218386947189414,43,1
3.770397798264936,12.17305721379236,32,1
3.7557265018816555,14.442385119606918,40,1
2.4951507253136898,10.355304468747843,29,1
2.715613071200276,11.313018269759981,50,1
2.022132159607911,11.72362879863896,24,1
4.929256150343491,14.534191833183236,21,1
4.499517708246417,14.410821478751249,36,1
2.055150012930738,11.06782933293461,30,1
2.1272869230693585,12.847912646767877,48,1
3.8898454648823186,14.071986935076664,41,1
4.134756816884199,12.637340910899034,39,1
4.04695928403118,11.788177727997159,46,1
4.239254284445455,10.925175773870906,23,1
3.7117173718305323,12.353883367564961,37,1
3.5684827394595393,12.301921595202945,43,1
2.9282545234620114,13.013329396035651,42,1
4.066621567484011,11.908914985199994,41,1
3.2822910477084255,10.479150105790211,36,1
2.6632105599353806,14.380039279458554,34,1
4.9499437520588305,13.230641489094367,46,1
3.422096328507733,12.046127295650772,43,1
4.904515812272395,12.52520140613858,49,1
4.869642703426695,13.130102013824644,40,1
4.520868400893471,10.462597974817323,30,1
2.573707147916387,10.153498448263601,40,1
2.3384033917064633,11.797095978093187,22,1
4.491432338614382,11.996744962962932,35,1
4.539883219894763,11.609381758982908,29,1
3.601963328129907,12.89021099438016,42,1
4.002646959951624,12.267216448655848,22,1
2.023644038865548,13.941483457966157,37,1
3.268581934529236,13.101643888538941,45,1
4.062085737461411,13.082369108990042,22,1
3.7265276643135072,14.440817330010978,45,1
2.9912040023182396,10.025917860512825,20,1
2.09541585983225,11.590197572533889,27,1
4.334463519615194,13.620627901687497,34,1
3.24933819247021,13.498404902731973,22,1
4.349825956022821,11.677257079890637,46,1
3.708403062302368,10.438405161365555,23,1
3.5264524713878385,12.854006109144088,39,1
2.129477249408863,13.724624685373646,26,1
4.739714436198804,10.22503248075739,28,1
2.836302841991614,10.38426584768868,43,1
3.3294697380181044,10.786995696834072,44,1
2.509364082043712,13.811826517880537,28,1
2.4500491107575204,12.634888176674206,24,1
3.107325572713309,12.891573728280408,38,1
2.402018093614518,11.598705142785885,45,1
3.11205890069758,10.528067730474868,44,1
4.06692134609466,12.513747991620303,39,1
3.0736707221879973,13.329871837667314,26,1
3.673207352427215,11.72970624948045,29,1
3.40041235833936,13.068052450984357,24,1
4.357831331735987,10.213207437936973,23,1
4.221286978457644,11.382889874908672,29,1
3.820757611286483,14.026540319252216,28,1
3.147354709496216,13.103615313214645,47,1
4.595349128131553,13.117667613410735,47,1
2.429685321511304,11.464201766768662,35,1
2.125507828085615,12.213637100535683,32,1
4.810365086871211,14.382518958315028,29,1
2.7983864118003807,14.556249046270299,47,1
2.220344847120678,11.250922409704279,29,1
4.8389719707212775,11.291227719380421,37,1
3.856694931260019,14.48327276526493,47,1
3.477801284543733,12.2212779717692,32,1
2.0122071922629416,13.072712638477586,43,1
4.351156358165774,12.720275553839727,49,1
4.305705832243177,11.237177711801166,37,1
2.5556325710307317,10.723235777247087,20,1
3.7759854443980974,12.651662942719868,46,1
2.874359917061634,11.758903199876023,24,1
3.205716293802207,11.057376787721322,43,1
3.2022784827739392,12.472439644136056,28,1
4.832654875567114,12.904168299913781,37,1
3.297821163228398,14.798624214517474,26,1
3.0047560733549488,10.09197808215053,47,1
4.296787254128359,11.621938157042496,26,1
4.65859053831446,13.797411405032149,39,1
3.76339658283012,10.443013628942527,35,1
2.2263772386162572,10.080428866345795,29,1
4.371263645306385,10.742221661378881,42,1
3.1341694812694723,12.870204732920056,27,1
3.141395415130808,14.44095353859942,23,1
4.312840704007361,11.31951501578877,32,1
2.254272144206005,12.024023206259848,47,1
3.5220254354249656,12.488460197101661,45,1
3.5295249103364674,11.165705099521412,27,1
2.887826270696626,11.617261440303244,21,1
3.201980936452136,11.942438320337763,35,1
2.752047613831704,13.71606796281519,22,1
3.9951307132190346,10.108506635877323,43,1
4.32395127542618,11.382682665399326,30,1
2.5935698104936993,14.583631149189612,50,1
2.6355848865573437,13.760833146809942,39,1
4.139763102313323,10.910310861536399,46,1
2.3946964120405667,14.821474034367714,28,1
4.516435060880285,14.287418978047743,44,1
2.8602077834589563,10.22731566496831,24,1
4.087455870017057,11.797432350679673,49,1
3.983399622108256,13.578143208530928,27,1
3.4107311389028503,13.436907285766418,26,1
2.8626087765593806,10.953436345655165,50,1
2.255015638282239,14.27661933992822,32,1
2.115504728320033,12.99414909209758,34,1
4.562992640946339,11.380398012650076,41,1
3.1451057240001257,14.510980762748662,38,1
2.6346733165395446,11.517719759836636,29,1
4.599248356507847,14.055618486500705,44,1
4.219930720010067,10.710607967985505,45,1
2.3801559338546014,13.45760072807014,44,1
3.029238358448411,10.513721198811222,45,1
2.9589844926942925,12.193230955636874,39,1
2.3613966340070576,10.62986465451964,34,1
4.155858743865723,12.212879280299076,42,1
2.3573460535502058,10.14882782045286,47,1
4.013118680466385,12.21908832045554,49,1
4.766309355426166,11.434294423547522,34,1
3.716314013982443,10.962897109262707,49,1
2.3510705140879935,14.10530949377575,22,1
4.427282134359887,13.918793086589163,33,1
3.7988788803669733,14.060010639138321,42,1
2.2583588765356954,13.218822903032779,21,1
2.7819776846208173,14.651812573183232,29,1
3.1306748406600895,11.130237407435528,48,1
4.90829339309049,10.5623794022833,24,1
2.361340190512131,14.379907188202907,44,1
2.590158181394468,13.471302963378225,22,1
2.938188322459166,12.621163927273642,49,1
4.282312057511801,12.324259171980387,28,1
4.299421534328557,12.344427929514257,20,1
2.033063057206429,13.769031877106137,50,1
2.189168612484695,12.54732898625349,30,1
3.152403226414747,14.901337367832694,46,1
2.0145865414349964,12.548221575224352,34,1
2.7442194922569363,11.094120076863994,23,1
4.650540965361308,11.035965798022882,24,1
4.365151874675924,13.522182243176347,43,1
4.712776414287545,12.599122419433774,41,1
2.0196452264331684,10.154433821964068,36,1
3.24509087186348,11.782833898504194,24,1
3.618244699037282,14.225934293643185,45,1
2.223579003213116,10.427695559102704,33,1
2.5705824444948755,14.271836247825327,20,1
4.671812149616258,10.534993428871989,23,1
4.763601918001558,13.907514417762702,49,1
4.763531788836335,12.844237056307763,29,1
2.2486650015151604,11.0203979502259,47,1
2.4819792598674795,13.385089375836516,30,1
2.6927706442137054,13.659874255734517,23,1
4.2035680777766995,14.841703375728523,22,1
4.825207288185804,14.114439944492332,30,1
2.688341085963261,13.694076477769062,26,1
2.901626821201378,12.484853082092416,33,1
4.351902820595351,14.250759804435136,39,1
2.297079051649559,11.223827937639177,33,1
2.183177599505443,10.153148494007274,28,1
3.405806467552323,12.049155675529843,31,1
4.375300295610494,10.457609445533407,36,1
4.037615956206238,12.274194349516758,34,1
4.749456809599714,12.870932493008956,37,1
2.330116551104599,10.9579830864617,48,1
2.874185179382495,13.300905841291243,36,1
3.0639376033595833,13.052626664885501,21,1
4.80086734274197,12.263038656899951,37,1
4.099721233629449,14.862960774922184,29,1
2.356598476355513,12.707480980462693,35,1
3.7045500814715817,12.5318084891823,29,1
2.803078086577183,13.1222887031918,32,1
2.597525087955272,11.452815459612546,43,1
4.307768625379838,10.500973932176313,40,1
4.9960108715090366,10.181070611997042,26,1
2.3510461888200167,13.549727647011787,48,1
4.63017017083829,10.244778998978914,31,1
3.693378294963259,14.858632931593844,33,1
2.7623851939115425,14.179337695733807,45,1
2.229166238010678,13.587263596976731,26,1
4.833056931357122,10.119298987136355,20,1
3.27130225504907,12.034139361513303,37,1
2.389595366003478,14.34277261846244,25,1
3.098227144653802,10.622281567378183,38,1
2.640682777788484,10.603648371109765,36,1
4.195146634098485,12.822390458280408,29,1
3.3468550961791097,10.46383558360524,22,1
3.9746209064682767,11.714228296860941,23,1
4.181833670594942,11.58209615109947,42,1
2.3798255680779272,14.31455803489417,37,1
2.3720606182786357,13.377732094467685,25,1
2.76117197533822,14.396141083547827,36,1
3.2597121631702386,11.022376961763555,32,1
2.5263580173595077,12.97215868052173,28,1
2.8319208469856494,10.691217898291153,31,1
4.528695843388213,14.970677849542255,36,1
4.827751773601146,10.14701226494695,50,1
3.665122213494772,10.146488756287377,43,1
2.1988205815707715,14.698961314440936,24,1
2.3151240569277878,14.482839708364107,34,1
2.899227069257078,13.258127576383439,21,1
3.9116308214396533,10.953248555556495,31,1
2.8879285749110464,12.619218618884423,26,1
3.2581270867287415,12.017045878026583,23,1
4.36531927425621,14.123791664082633,29,1
3.155484324280533,13.336837000504394,50,1
4.631143130198202,14.307260889857144,26,1
2.1452813500133634,11.05077233013639,37,1
3.3394132030414916,14.887341604673987,50,1
2.560243972640849,14.027019169632876,46,1
4.372361256355615,14.681312294419087,28,1
3.716444808056249,14.915074926159525,28,1
2.7700073539514083,13.783520001406647,49,1
2.408053673587346,12.7105907314316,37,1
2.8585188526538157,13.816217950310495,37,1
3.487225373101981,13.600943613653833,21,1
4.935446524711223,11.718179954793733,20,1
2.53282281361545,14.70146944185684,36,1
3.8533331458715545,11.646954503721275,40,1
3.1609795891493984,13.434956531382143,46,1
3.3311538365058118,10.263367250895799,26,1
2.547704418394758,11.759043437419006,47,1
3.6451897966692623,10.125906784651873,43,1
2.2376290507145553,10.769052773839785,31,1
4.872040846490577,11.722059309635089,40,1
3.4713545719036327,10.81148437550832,22,1
2.5136227576168015,12.502855418411926,26,1
4.913694559171352,14.63986445452434,50,1
4.902375023466496,13.016037521573747,21,1
2.33703756078923,10.00169914390783,42,1
2.78586492099145,12.095687147211013,41,1
3.2894990452269406,12.356990017571361,45,1
2.130984641260043,11.72099622677627,38,1
3.1812425456349374,13.820527449646292,40,1
3.286939275697491,10.46067258027027,43,1
3.509846980770351,10.976940046424186,32,1
4.237865684732412,13.030459304271528,39,1
2.389964634658523,13.173292548455922,25,1
4.410538028343769,10.55476850251211,46,1
2.744809251650757,12.854790321984783,26,1
2.3999697883405684,14.102049288483382,33,1
2.3356459982475237,10.137857176758217,23,1
2.4789694614101414,11.902791474345724,24,1
3.7588257855089395,14.968180357496404,36,1
2.913028112367842,14.983524550228404,22,1
4.834681447049643,14.998416352378202,37,1
2.645418728901471,11.957664185627205,37,1
4.361499541132387,11.575678304304551,47,1
2.0668896446013783,11.474487107118328,47,1
3.1583022131111163,10.366001263084502,48,1
2.674552702583779,10.123754694888685,40,1
4.2300248930595,12.493518618603314,49,1
4.396462271406646,10.418640910816801,29,1
3.088854811576114,10.834864540586098,47,1
3.3660327365866753,11.101408861573104,33,1
2.1165098600375054,13.372679125364611,21,1
4.9977171101616396,14.650678721979016,39,1
3.615432150941535,12.488571955238404,41,1
3.9009419757301163,11.70344332964951,38,1
3.967771412870739,13.651332362885906,36,1
2.667039078300661,14.680366106632215,47,1
3.8749034685071235,11.778498993330107,21,1
2.809881648031768,10.447462209785904,37,1
2.9145440490738377,12.395043715911806,32,1
4.395817796097139,10.620247725065196,34,1
3.2393556164319133,14.135422291394146,22,1
4.303064949558143,11.658876166130511,36,1
3.571346526859184,13.899002804238325,22,1
2.9246271983014696,10.484071625092973,33,1
2.8886690218426345,13.675342230073717,36,1
3.743477271184432,11.618265751672656,28,1
2.1960260935880616,12.234798424326083,39,1
2.3333760956582736,11.930312953934356,30,1
3.6748488290571046,10.426416056080066,24,1
2.4881177143938764,12.951384569400506,27,1
2.7362946627924236,13.590297332702729,44,1
2.6057464463371183,13.594268391365325,47,1
3.418504090294649,13.024391034868588,47,1
3.3808161391040104,14.684200706058931,47,1
2.5974201987306706,12.897013456578005,33,1
4.993210224428821,12.334588930700681,26,1
4.714531983418166,11.853045780014924,29,1
2.853124652224066,12.308222565569128,33,1
3.3473370845583146,11.427882056473823,20,1
4.911468630769937,14.032204668731406,47,1
2.8549643916654386,13.55559635838104,50,1
2.513649610913232,12.428008791182553,33,1
4.4171502824496685,11.856707239264459,28,1
4.275270462462352,11.568330853984587,21,1
4.29513692266355,12.66382147245289,45,1
2.7428167512643,14.499242709050094,36,1
4.548956303425574,10.182592334318057,32,1
2.052445447669271,10.58586502622251,21,1
3.019753490885977,10.616165925091504,28,1
3.7251775694913944,11.776921838191546,28,1
3.208462594296683,12.847882214780519,38,1
3.2291184809957674,12.954258434515435,39,1
2.5498812843890892,12.425858910122855,39,1
2.299866223887532,12.787701164128233,45,1
2.2585396426457294,11.871122337372267,44,1
3.2840673756984904,14.14559863109886,46,1
2.208408455884906,12.203515195549205,25,1
2.839373503965615,10.315052948564453,28,1
4.488367412603267,11.418879412636514,40,1
2.6379575478912476,11.001787537345947,21,1
4.780509870518369,10.0060544007635,34,1
4.517519288803771,11.913187326307984,21,1
2.954791473465634,13.09930918006626,36,1
3.244694957371122,14.523475826011325,32,1
2.3295705275106515,10.753700480146403,49,1
4.472475589915551,11.134891087491372,49,1
3.0839352502910637,12.715453360090807,24,1
3.887269595841194,12.605269890914201,31,1
3.612421685734528,10.04190376224475,46,1
2.0751672580314193,11.50357363086178,32,1
2.79268865635194,12.53605663341005,41,1
2.333545101403713,12.123450609444193,32,1
3.7687454088569323,14.706395499366394,42,1
3.313660212050122,14.419492089677256,49,1
3.6956038622211125,10.273265508458707,45,1
3.3579884178216597,14.45054318255292,22,1
2.9059895429494893,10.853590389972457,46,1
2.1927225067823186,10.975301602252378,50,1
4.69611216430266,10.313741708362175,40,1
2.959777852278993,14.983289788132332,27,1
2.548002465678194,10.189223884489811,50,1
4.004695012684056,14.444526316766122,34,1
2.5979536597852846,14.013776692515346,47,1
2.7670637741390394,14.707977048984297,43,1
2.12586146958779,11.94132477724639,25,1
2.9708567943031534,14.87133473922033,29,1
2.009603698699747,10.63670458740277,50,1
2.3560117574256183,12.534479592153838,34,1
3.0483209467504415,12.255953604521851,21,1
4.82137731874972,12.219067899549438,46,1
4.978052003905442,13.35821735982824,48,1
2.360095545628264,12.477474058081524,48,1
2.3907463396865523,10.383733752039111,41,1
2.274189819621028,12.79967998419364,42,1
3.3008556468808834,13.726013423073601,41,1
3.1950795593147943,11.775891779843057,44,1
2.041093798509523,11.571655768224524,50,1
3.522703246805353,14.016541793412967,33,1
3.189016068931932,10.23917118251059,20,1
4.502908251059514,14.696423857231633,21,1
3.4215754782199244,12.31177113414641,30,1
2.809180901734627,11.652478108246202,41,1
3.1841723083710685,10.003140502908309,22,1
4.220002373018862,11.967195168446747,21,1
2.926023551462107,12.455247255546483,47,1
4.9085194391467315,14.286260022327633,39,1
2.8883953085917273,11.296054558684354,46,1
4.228739724764608,13.397608952592673,36,1
4.864556650365577,10.56477034195156,43,1
3.0802515796217755,14.886392078530527,21,1
2.110649796517925,13.869502490684232,32,1
2.164206244559229,14.580341395345842,50,1
2.0080426837815875,10.412816228713925,40,1
4.795783398692233,11.817206360626395,22,1
4.32573975462927,12.260739113275037,50,1
2.011177630306655,12.319816370714744,45,1
3.783301009201463,12.25463904614501,43,1
3.177542530533792,11.981858510344228,25,1
3.8481500031950433,13.536591238652651,44,1
2.545952781435178,12.400338452914093,37,1
3.556210149777121,13.801288404552725,20,1
3.1497036489664287,14.933710785297428,21,1
4.722635235951095,14.961070970691317,28,1
2.184628332653549,13.912833368930185,33,1
2.381879913042358,14.97560540819051,42,1
4.632547514816366,10.631411688429749,20,1
2.72763717502078,11.35845644938505,23,1
2.4774188069271608,13.46422217323838,24,1
4.972477119251494,12.080219034294553,38,1
2.741509697718386,13.831083807750622,36,1
3.074832928297985,12.266374328693939,24,1
2.3104129368465784,13.211746049074037,21,1
2.455710712615763,13.904757513366118,43,1
3.4358708108015974,14.785256714448302,26,1
4.742038898640677,11.44663650853179,47,1
2.1903774131099363,10.91443823225018,44,1
4.199222611897438,13.857129144391482,44,1
3.6184623703518684,11.530398098604774,21,1
4.9584846434317065,10.397232173944158,30,1
3.0684818492835766,12.871027494914257,29,1
2.156374528382445,13.076730111587445,25,1
4.793753851938148,10.188667130064065,32,1
4.1571812582007555,11.163251639111277,20,1
2.731043061081813,12.006771105777402,50,1
3.03814182776711,10.377702144874632,40,1
3.6028693225623023,14.715923680586624,38,1
3.8081502034480694,12.337514731400375,33,1
3.2015398882855868,14.250978182291782,24,1
2.7667326654991706,13.268193168699682,44,1
3.966115503525931,13.967679253748496,24,1
2.0173496334498187,14.151261389001752,41,1
2.784238508422327,13.860651579591622,35,1
2.0261852644418337,14.278269249547519,36,1
4.048923700058863,14.445538258333507,45,1
4.19147327458867,13.978637523149155,39,1
2.6871863928223942,11.53275507140209,39,1
3.359571084685179,10.471153985804046,42,1
2.674674215841124,14.247571487522332,32,1
3.841078160631822,13.853062617512904,50,1
4.640640763519976,10.888349690740531,29,1
4.390284320915965,10.06503373273281,29,1
4.540095493988225,12.666545268045674,25,1
3.5256321158312542,10.027383921311879,20,1
4.3269283188695,14.357995627998328,21,1
3.0305682393334923,14.961677391157995,32,1
2.5052445340156417,10.124551182779872,40,1
4.219283609994424,13.96528358856878,34,1
2.577164765370989,13.543179585369446,20,1
4.226717480004239,10.165163509121967,48,1
2.479839855435362,14.18277327689894,48,1
3.3748341122922016,13.860406315565985,22,1
3.0323362308994595,14.551370439269023,28,1
3.963979982109927,11.17335328867021,44,1
4.863143360312354,10.290161719504178,38,1
2.712588776479845,10.936612109296236,20,1
4.5751013916584435,13.598574460447997,28,1
3.52211366792679,10.250740614510633,34,1
3.564957538388747,14.819987721642066,28,1
4.953459929478723,10.542567119156583,34,1
3.243132444257985,11.752489894995916,45,1
3.370974120250035,10.633567390561106,25,1
2.4206980506020206,14.36477394515986,20,1
3.313503694666033,11.709050240534548,44,1
3.3689621953134368,11.693529272847124,44,1
2.157176160236323,13.955866226750775,43,1
4.074636682526327,14.369145497778097,42,1
3.4899117889571194,13.658039953520172,36,1
4.909829274454332,11.495648640196915,39,1
2.6165022549386285,13.878567379263504,23,1
3.958908981340569,12.002759237340381,42,1
4.8904197729819305,11.851283545506595,39,1
4.3804057233378835,12.134036078096855,47,1
3.7834902064191613,12.377990944185889,41,1
2.610456565825698,14.952234423256883,47,1
3.911456696555472,10.246901841037811,27,1
3.166044391233704,14.60257659467846,40,1
4.263196287625864,11.201649059292773,25,1
3.332591565936943,10.965399502183635,22,1
4.397135244963324,10.260920387024635,36,1
4.1399065553935905,13.803461431463258,36,1
4.4915780765999544,13.148536726216287,47,1
2.6111647201269106,14.120591314695844,25,1
4.185728515558527,14.240425603476421,46,1
2.330534607713148,12.963146147748612,49,1
4.476940348562063,10.883317237539096,40,1
3.029201809624417,11.68631654539203,46,1
4.664971616971782,12.097645951038373,26,1
3.8142822553874356,12.851553220480188,47,1
2.6430685832304803,10.032952996301558,24,1
4.559652288447797,14.336835552924335,40,1
4.840198316109071,13.369986292821395,28,1
2.2159616249237595,11.659502392092428,32,1
4.327954654941678,11.914556848352454,21,1
3.3158035778415,11.01077486270534,39,1
2.3471039166834844,11.594405571787675,41,1
4.480084203704857,11.614493696743386,34,1
3.657576331781306,12.38646104772165,31,1
4.90895293804412,11.288726656863503,49,1
2.2394975927817597,12.315179130391481,28,1
3.1706467764397885,12.47880736281481,28,1
4.2064178572291215,13.515102333193372,34,1
2.7444598400056335,12.066589110171941,35,1
2.650808026027056,10.032324416731354,46,1
